Name,Position,Team,StdPts,LowerCI,UpperCI,Ovr,Pos Rank,Cmp,PassAtt,PassYd,PassTD,Ints,RushAtt,RushYd,RushTD,Rec,RecYd,RecTD
D. Brees,QB,NO,319.24,292.05,346.43,#1,#1,377.87,565.91,4544.56,34.21,11.44,35.2,131.7,2.44,0.12,0.76,0
A. Rodgers,QB,GB,311.71,279.78,343.64,#2,#2,358.45,566.53,4231.97,31.4,10.95,47.38,245.8,2.45,0,0,0
T. Brady,QB,NE,278.72,254.16,303.28,#3,#3,322.12,495.69,3825.3,33.43,8.34,39.08,82.71,0.54,0,0,0
M. Ryan,QB,ATL,269.65,246.79,292.51,#4,#4,283.11,432.27,3562.5,29.79,8.6,30.32,120.52,2.36,0,0,0
L. Bell,RB,PIT,268.54,234.31,302.77,#5,#1,0.02,0.06,0.43,0.03,0,281.9,1261.7,10.7,70.79,621.01,3.19
E. Elliott,RB,DAL,262.68,228.98,296.38,#6,#2,0.11,0.51,2.1,0.15,0,297.32,1429.03,11.84,44.4,390.68,1.99
B. Roethlisberger,QB,PIT,257.21,231.36,283.06,#7,#5,312.52,499.52,3697.76,26.71,9.97,44.4,160.15,1.62,0,0,0
J. Winston,QB,TB,256.67,230.26,283.08,#8,#6,334.81,544.4,4049.53,26.87,14.04,39.08,141.14,1.07,0.08,-0.96,0
R. Wilson,QB,SEA,249.71,218.59,280.83,#9,#7,332.11,558.17,3811.19,24.3,15.59,62.06,266.75,1.99,0.1,-0.1,0
C. Newton,QB,CAR,249.3,221.18,277.42,#10,#8,302.09,530.98,3474.78,20.85,12.97,77.44,398.89,2.86,0.4,2.87,0.12
M. Mariota,QB,TEN,248.75,217.2,280.3,#11,#9,271.1,451.05,3277.54,23.53,10.21,66.93,321.14,2.88,0.16,-0.68,0
D. Carr,QB,OAK,246.91,219.46,274.36,#12,#10,341.42,556.3,4014.27,26.96,12.85,28.51,41.52,0.58,0.06,-0.39,0
M. Stafford,QB,DET,246.71,220.92,272.5,#13,#11,342.4,558.68,3911.39,21.59,11.94,36.75,163.11,2.5,0.14,0.21,0
K. Cousins,QB,WSH,243.19,218.35,268.03,#14,#12,313.27,498.12,3718.95,26.33,11.07,30.54,102.79,0.98,0.1,0.81,0
T. Taylor,QB,BUF,242.99,219.49,266.49,#15,#13,212.41,364.97,2597.11,17.69,7.72,91.88,583.57,4.49,0.31,2.35,0
P. Rivers,QB,LAC,236.78,209.45,264.11,#16,#14,326.8,538.79,3753.34,24.21,12.26,34.28,116.85,1.21,0.06,0.58,0.04
D. Prescott,QB,DAL,234.24,209.15,259.33,#17,#15,250.25,404.76,3024.4,22.63,7.61,51.18,265.98,2.44,0,0,0
S. Bradford,QB,MIN,233.23,209.3,257.16,#18,#16,332.75,527.83,3825.18,24.94,11.99,27.87,70.4,0.47,0.06,0.06,0
A. Smith,QB,KC,230.95,206.52,255.38,#19,#17,280.61,453.9,3354.18,23.41,11.07,37.75,149.06,2.66,0.04,-0.46,0
C. Wentz,QB,PHI,229.67,204.32,255.02,#20,#18,309.36,539.56,3432.04,25.48,14.53,41.17,188.52,1.01,0.22,0.65,0
D. Kizer,QB,CLE,228.99,204.32,253.66,#21,#19,312.89,524.82,3437.45,19.03,12.34,82.64,352.02,1.9,0.24,-1.26,0
D. Watson,QB,HOU,224.64,196.92,252.36,#22,#20,290.05,472.28,3147.53,17.35,12.78,71.94,381.64,3.56,0.28,-1.42,0
J. Flacco,QB,BAL,218.22,195.13,241.31,#23,#21,324.58,550.08,3533.32,21.68,13.6,35.02,158.18,1.05,0.14,-0.56,0
L. McCoy,RB,BUF,218.16,186.18,250.14,#24,#3,0.06,0.08,1.22,0.07,0,238.86,1124.8,10.67,48.43,359.69,1.16
B. Bortles,QB,JAC,217.69,190.55,244.83,#25,#22,296.45,508.68,3289.13,20.68,13.22,49.58,249.6,1.46,0.16,3.24,0.16
A. Dalton,QB,CIN,215.84,189.87,241.81,#26,#23,304.15,500.7,3449.8,21.2,13.26,40.94,165.31,1.39,0.22,-0.48,0
M. Glennon,QB,CHI,215.47,194.19,236.75,#27,#24,294.95,455.55,3370.09,24.18,12.26,29.83,92.24,0.62,0.76,2.52,0
M. Gordon,RB,LAC,209.2,180.46,237.94,#28,#4,0.14,0.22,0.55,0.15,0,255.02,1097.7,7.11,58.15,504.57,1.59
D. Freeman,RB,ATL,205.7,177.43,233.97,#29,#5,0.06,0.06,1.47,0.08,0,209.38,989.88,9.28,46.44,391.28,1.99
K. Hunt,RB,KC,204.74,166.96,242.52,#30,#6,0,0.02,0,0,0,262.32,1112.87,5.54,53.15,443.16,3.14
M. Evans,WR,TB,202.88,173.28,232.48,#31,#1,0,0.12,0,0,0,0,0,0,84.95,1351.79,11
C. Palmer,QB,ARI,200.74,174.55,226.93,#32,#25,337.75,575.68,3660.79,20.18,16.06,27.33,80.59,0.76,0,0,0
J. Ajayi,RB,MIA,199.84,168.69,230.99,#33,#7,0.08,0.14,2.08,0.12,0,275.99,1209.39,10.09,32.85,193.93,0.35
J. Goff,QB,LA,199.64,172.3,226.98,#34,#26,309.27,552.53,3331.92,21.03,17.77,41.42,170.92,0.8,0.62,3.51,0.1
T. Montgomery,RB,GB,199.3,170.5,228.1,#35,#8,0.1,0.1,2.53,0.13,0,191.52,901.4,8.14,56.94,462.73,2.6
T. Siemian,QB,DEN,196.49,171.85,221.13,#36,#27,303.22,502.45,3388.54,17.62,13.38,36.17,129.51,1.76,0.3,0.03,0
A. Luck,QB,IND,196.23,174,218.46,#37,#28,259.88,433.32,3046.14,18.97,13.83,40.19,174.26,2.23,0.02,-0.24,0
C. Anderson,RB,DEN,194.67,163.85,225.49,#38,#9,0.1,0.14,0.86,0.12,0,256.03,1057.37,8.76,38.85,342.61,0.84
E. Manning,QB,NYG,189.47,167.48,211.46,#39,#29,320.98,536.05,3392.7,17.15,14.88,33.98,142.61,0.92,0.18,0.55,0
B. Hoyer,QB,SF,187.79,164.69,210.89,#40,#30,316.34,523.62,3480.19,21.18,17.01,27.65,34.14,0.27,0,0,0
J. Jones,WR,ATL,183.49,155.08,211.9,#41,#2,0,0,0,0,0,0,0,0,80.51,1227.79,10.08
J. Cutler,QB,MIA,182.23,155.95,208.51,#42,#31,273.34,474.5,3127.96,20.27,11.54,26.19,51.02,0.48,0,0,0
D. Murray,RB,TEN,181.88,154.85,208.91,#43,#10,0.18,0.36,1.51,0.18,0,231.96,996.86,7.79,39.04,281.32,1.54
R. Gronkowski,TE,NE,176.46,138.44,214.48,#44,#1,0,0,0,0,0,0,0,0,70.54,1105.19,11.1
A. Brown,WR,PIT,174.08,147.84,200.32,#45,#3,0.06,0.06,1.02,0,0,1.75,6.34,0,95.35,1230.27,8.59
T. Gurley,RB,LA,174.06,148.55,199.57,#46,#11,0.14,0.4,2,0.15,0.02,286.82,1078.43,5.82,48.98,325.27,0.74
J. McCown,QB,NYJ,173.64,147.88,199.4,#47,#32,280.31,504.56,3063.84,17.78,17.51,37.07,123.44,1.68,0.15,2.06,0
L. Fournette,RB,JAC,169.79,144.32,195.26,#48,#12,0,0.35,0,0,0.1,224.19,951.65,5.48,43.45,354.05,1.59
D. Cook,RB,MIN,166.32,137.5,195.14,#49,#13,0.33,0.33,5.32,0.18,0,235.65,964.33,4.51,52.33,370.39,1.44
J. Nelson,WR,GB,163.5,139.3,187.7,#50,#4,0.09,0.14,4.5,0.09,0.05,0,0,0,81.05,1094.83,8.95
O. Beckham,WR,NYG,159.43,133.02,185.84,#51,#5,0,0.08,0,0,0,1.03,4.93,0,95.03,1126.6,8
C. Hyde,RB,SF,159.12,133.89,184.35,#52,#14,0,0,0,0,0,260.07,1048.16,6.11,34.24,186.83,0.58
I. Crowell,RB,CLE,157.28,131.21,183.35,#53,#15,0.06,0.23,0.63,0.07,0.04,202.19,862.44,5.21,43.69,337.29,1.29
L. Miller,RB,HOU,155.86,134.86,176.86,#54,#16,0,0.28,0,0,0.1,233.74,903.04,6.37,34.71,269.6,0.54
C. McCaffrey,RB,CAR,153.65,127.48,179.82,#55,#17,0.12,0.37,3.64,0.14,0.18,195.98,880,3.92,41.24,348.84,1.48
T. Hilton,WR,IND,152.2,131.13,173.27,#56,#6,0,0,0,0,0,0.04,0.34,0,75.03,1082.06,7.25
M. Ingram,RB,NO,152.14,128.3,175.98,#57,#18,0,0,0,0,0,142.42,695.88,5.6,39.69,371.87,2.07
M. Gillislee,RB,NE,149.65,120.54,178.76,#58,#19,0,0.02,0,0,0.02,152.74,723.54,8.24,29.46,212.38,1.57
A. Green,WR,CIN,148.52,121.83,175.21,#59,#7,0,0,0,0,0,0,0,0,82.02,1101.39,6.55
J. Howard,RB,CHI,148.05,129.92,166.18,#60,#20,0,0,0,0,0,192.02,827.01,4.29,41.82,344.81,1.19
M. Lynch,RB,OAK,147.95,119.81,176.09,#61,#21,0.2,0.45,4.17,0.17,0,193.21,798.48,4.66,39.84,301.47,1.86
A. Cooper,WR,OAK,147.9,120.55,175.25,#62,#8,0,0.02,0,0,0.02,0.86,5.13,0,75.28,1021.89,7.56
M. Thomas,WR,NO,147.58,124.45,170.71,#63,#9,0,0.22,0,0,0.22,0,0,0,80.77,1000.05,8.19
B. Cooks,WR,NE,146.07,122.59,169.55,#64,#10,0.02,0.02,0.76,0,0,1.46,6.38,0,61.94,953.45,8.43
D. Baldwin,WR,SEA,145.5,121.97,169.03,#65,#11,0.02,0.02,0.3,0.02,0,2.11,8.69,0,91.65,1066.93,6.49
M. Crabtree,WR,OAK,143.69,120.67,166.71,#66,#12,0,0.07,0,0,0,0,0,0,77.56,997.36,7.57
J. Landry,WR,MIA,142.81,121.73,163.89,#67,#13,0,0.35,0,0,0,3.42,16.91,0,97.64,1093.37,5.49
D. Thomas,WR,DEN,141.44,119.37,163.51,#68,#14,0,0.22,0,0,0,0,0,0,77.08,1053.02,6.19
A. Abdullah,RB,DET,140.64,112.78,168.5,#69,#22,0,0,0,0,0,154.37,692.72,4.82,40.25,352.09,1.52
T. Pryor,WR,WSH,140.22,116.39,164.05,#70,#15,0,0,0,0,0,2.11,8.97,0,66.6,971.58,7.17
K. Allen,WR,LAC,139.79,111.92,167.66,#71,#16,0,0,0,0,0,0,0,0,85.49,985.19,6.91
J. Allen,RB,BAL,138.66,113.08,164.24,#72,#23,0,0,0,0,0,178.75,719.4,5.62,41.45,324.75,0.68
T. Hill,WR,KC,138.31,112.49,164.13,#73,#17,0.74,0.99,4.59,0.12,0,13.66,103.39,0.2,84.97,924.74,6.22
S. Diggs,WR,MIN,138.03,115.09,160.97,#74,#18,0,0,0,0,0,1.61,13.87,0.02,76.13,1022.07,5.85
D. Bryant,WR,DAL,137.93,113.66,162.2,#75,#19,0.3,0.3,7.37,0.08,0,0.12,-0.24,0,58.85,935.84,7.29
R. Kelley,RB,WSH,136.84,114.8,158.88,#76,#24,0,0,0,0,0,181.45,768.37,5.3,37.17,261.58,0.41
G. Tate,WR,DET,136.2,113.76,158.64,#77,#20,0.14,0.25,5.43,0.21,0,4.22,18.02,0.04,85.13,994.07,5.96
D. Hopkins,WR,HOU,134.32,112.93,155.71,#78,#21,0,0.12,0,0,0,0,0,0,77.3,1075.18,4.54
A. Jeffery,WR,PHI,132.92,112.28,153.56,#79,#22,0,0.25,0,0,0,0,0,0,66.46,1029.34,5.03
F. Gore,RB,IND,132.31,112.86,151.76,#80,#25,0.22,0.37,3.37,0.21,0,175.02,727.46,4.2,34.87,284.72,1.25
E. Sanders,WR,DEN,131.71,111.42,152,#81,#23,0,0,0,0,0,0.84,3.5,0,71.47,953.13,6.16
D. Martin,RB,TB,130.94,107.69,154.19,#82,#26,0.04,0.12,1.06,0.05,0,203.27,787.83,4.52,28.35,236.79,0.64
D. Adams,WR,GB,126.57,105.06,148.08,#83,#24,0,0,0,0,0,0,0,0,63.44,875.72,6.53
R. Cobb,WR,GB,124.21,100.72,147.7,#84,#25,0.3,0.3,7.8,0,0,4.37,33.85,0,80.31,901.58,5.33
P. Garcon,WR,SF,120.07,99.35,140.79,#85,#26,0,0.16,0,0,0,0,0,0,62.02,868.44,5.64
T. Kelce,TE,KC,115.58,95.26,135.9,#86,#2,0,0,0,0,0,0.02,0,0,73.68,864.86,5.06
M. Lee,WR,JAC,114.73,92.57,136.89,#87,#27,0,0,0,0,0,0.98,3.36,0,65.47,931.9,3.68
L. Fitzgerald,WR,ARI,114.55,96.45,132.65,#88,#28,0.06,0.83,2.9,0.08,0,0.42,0.98,0,81.22,902.44,4.18
T. Coleman,RB,ATL,113.6,96.33,130.87,#89,#27,0,0.08,0,0,0,106.46,489.44,3.64,30.83,313.18,2.09
K. Benjamin,WR,CAR,113.3,94.16,132.44,#90,#29,0,0,0,0,0,0,0,0,54.29,864.29,4.51
J. White,RB,NE,111.12,92.87,129.37,#91,#28,0,0,0,0,0,45.79,238.48,2.14,58.86,496.98,4.1
J. Maclin,WR,BAL,109.67,86.43,132.91,#92,#30,0,0,0,0,0,1.04,3.84,0,61.77,787.34,5.19
J. Stewart,RB,CAR,106.98,80.65,133.31,#93,#29,0.02,0.02,0.84,0.02,0,154.06,638.21,3.11,28.47,216.7,0.9
C. Hogan,WR,NE,106.5,83.73,129.27,#94,#31,0,0,0,0,0,3.24,24.09,0,48.59,722.03,5.4
M. Forte,RB,NYJ,105.57,90.06,121.08,#95,#30,0,0.18,0,0,0.1,136.84,625.78,3.13,25.23,203.11,0.82
A. Thielen,WR,MIN,105.09,84.71,125.47,#96,#32,0,0.18,0,0,0,0.66,3.88,0,55.91,753.36,5.02
T. Williams,WR,LAC,104.87,85.37,124.37,#97,#33,0,0,0,0,0,0,0,0,54.86,723.17,5.51
C. Beasley,WR,DAL,104.25,85.86,122.64,#98,#34,0.02,0.12,0.84,0.02,0,0.41,2.9,0,55.99,736.41,5.17
Z. Ertz,TE,PHI,103.09,82.41,123.77,#99,#3,0.02,0.02,1.06,0,0,0,0,0,70.36,791.57,4.1
D. Walker,TE,TEN,102.72,84.88,120.56,#100,#4,0.02,0.02,0.86,0,0,0.24,0.69,0,54.51,692.27,5.55
B. Powell,RB,NYJ,102.07,82.7,121.44,#101,#31,0,0,0,0,0,108.97,538.45,4.01,29.34,202.39,0.78
J. Reed,TE,WSH,101.59,83.27,119.91,#102,#5,0,0,0,0,0,0,0,0,78.46,827.56,3.46
D. Johnson,RB,ARI,101.38,80.35,122.41,#103,#32,0.12,0.16,0.12,0.12,0,100.8,436.65,3.72,33.72,292.18,1.19
M. Bennett,TE,GB,100.86,83,118.72,#104,#6,0.08,0.08,3.9,0,0,0.16,0.4,0,55.97,666.87,5.67
W. Snead,WR,NO,100.66,78.03,123.29,#105,#35,0.22,0.22,11.43,0.22,0,0,0,0,54.69,696.42,5
M. Bryant,WR,PIT,99.6,77.19,122.01,#106,#36,0,0.06,0,0,0,2.08,6,0,53.82,732,4.39
D. Henry,RB,TEN,99.42,76.84,122,#107,#33,0,0.12,0,0,0.04,109.05,490.24,3.79,26.24,218.22,1.23
E. Decker,WR,TEN,99.28,74.36,124.2,#108,#37,0,0.12,0,0,0,0,0,0,40.51,667.08,5.45
T. Cohen,RB,CHI,98.66,79.11,118.21,#109,#34,0,0.21,0,0,0,76.47,319.73,2.32,54.88,438.3,1.74
S. Watkins,WR,LA,96.34,75.54,117.14,#110,#38,0,0,0,0,0,0.14,-0.56,0,51.24,747.62,3.63
S. Shepard,WR,NYG,96.02,78.69,113.35,#111,#39,0,0.18,0,0,0.1,1.26,6.87,0,56.3,694.84,4.54
J. Crowder,WR,WSH,95.98,79.43,112.53,#112,#40,0.28,0.38,3.92,0.04,0.02,0.84,4.58,0,52.27,683.96,4.61
A. Hurns,WR,JAC,94.84,75.58,114.1,#113,#41,0,0.03,0,0,0,0.03,-0.07,0,57.92,724.64,3.86
M. Jones,WR,DET,94.17,77.37,110.97,#114,#42,0,0,0,0,0,0.27,0.96,0,43.07,714,3.85
K. Rudolph,TE,MIN,93.73,77.24,110.22,#115,#7,0,0,0,0,0,0,0,0,60.57,671.62,4.56
J. Matthews,WR,BUF,93.45,73.33,113.57,#116,#43,0,0,0,0,0,0,0,0,54.67,671.4,4.2
C. Kupp,WR,LA,92.77,72.91,112.63,#117,#44,0,0.04,0,0,0,0.04,-0.18,0,51.33,681.86,4.15
C. Brate,TE,TB,92.13,74.11,110.15,#118,#8,0,0,0,0,0,0,0,0,42.4,580.9,5.71
D. Jackson,WR,TB,91.84,74.34,109.34,#119,#45,0,0.08,0,0,0,0,0,0,43.39,680.83,4
D. Parker,WR,MIA,91.26,73.57,108.95,#120,#46,0,0,0,0,0,0,0,0,55.48,700.02,3.61
M. Sanu,WR,ATL,90.76,74.54,106.98,#121,#47,0,0,0,0,0,0.46,2.5,0,53.11,621.38,4.77
T. Riddick,RB,DET,90.38,76.38,104.38,#122,#35,0.02,0.02,0.15,0.02,0,97.92,391.79,2.69,37.26,298.45,1.08
J. Graham,TE,SEA,89.87,71.39,108.35,#123,#9,0,0,0,0,0,0,0,0,57.81,652.33,4.3
T. Eifert,TE,CIN,89.6,69.16,110.04,#124,#10,0,0,0,0,0,0,0,0,45.87,612.47,4.83
J. Kearse,WR,NYJ,89.39,70.6,108.18,#125,#48,0,0,0,0,0,0,0,0,52.56,696.9,3.41
J. Witten,TE,DAL,88.95,71.93,105.97,#126,#11,0.06,0.06,1.74,0,0,0,0,0,66.76,688.8,3.74
P. Perkins,RB,NYG,88.61,73.64,103.58,#127,#36,0.04,0.16,0.2,0.05,0,131.08,529.42,2.13,27.78,202.01,0.66
T. Lockett,WR,SEA,88.37,69.36,107.38,#128,#49,0,0,0,0,0,2.04,25.6,0.18,51.14,645.65,3.31
C. Thompson,RB,WSH,87.52,71.19,103.85,#129,#37,0,0.02,0,0,0,47.89,265.6,1.83,49.2,384.33,2.09
D. Sproles,RB,PHI,87.4,67.67,107.13,#130,#38,0,0.1,0,0,0,75.66,336.41,2.78,40.87,304.73,1.25
E. Ebron,TE,DET,87.28,70.24,104.32,#131,#12,0,0,0,0,0,0.2,0.46,0.16,61.72,699.15,2.89
A. Gates,TE,LAC,86.69,67.64,105.74,#132,#13,0,0,0,0,0,0,0,0,43.34,547.54,5.45
B. Marshall,WR,NYG,86.14,69.28,103,#133,#50,0,0.14,0,0,0,0,0,0,45.54,618.98,4.09
R. Matthews,WR,TEN,85.77,70.71,100.83,#134,#51,0,0,0,0,0,0,0,0,40.02,593.61,4.44
T. West,RB,BAL,84.93,65.31,104.55,#135,#39,0,0.06,0,0,0,108.16,454.78,2.59,27.76,227.98,0.41
C. Carson,RB,SEA,84.77,70.83,98.71,#136,#40,0.06,0.16,0.21,0.06,0,93.45,395.1,2.38,33.12,243.68,1.31
L. Blount,RB,PHI,84.52,66.51,102.53,#137,#41,0.14,0.14,0.49,0.14,0,118.78,520.08,3.61,18.43,116.04,0.02
W. Fuller,WR,HOU,83.54,62.47,104.61,#138,#52,0,0,0,0,0,1.14,20.54,0,55.86,710.65,1.93
Z. Miller,TE,CHI,83.33,67.87,98.79,#139,#14,0,0,0,0,0,0,0,0,54.3,591.51,4.17
A. Kamara,RB,NO,82.95,61.97,103.93,#140,#42,0,0,0,0,0,94.05,347.06,2.67,30.98,243.55,1.33
T. Ginn Jr.,WR,NO,82.82,65.33,100.31,#141,#53,0.2,0.2,3.04,0,0,3.03,19.25,0.08,45.85,629.28,3.23
R. Higgins,WR,CLE,82.18,63.22,101.14,#142,#54,0,0,0,0,0,0.82,6.78,0,49.71,647.76,2.98
H. Henry,TE,LAC,82.02,64.02,100.02,#143,#15,0,0,0,0,0,0,0,0,41.9,504.3,5.27
M. Wallace,WR,BAL,81.65,65.99,97.31,#144,#55,0,0,0,0,0,1.21,8.41,0,49.18,643.41,2.89
C. Fleener,TE,NO,81.56,66.76,96.36,#145,#16,0,0,0,0,0,0.39,3.48,0.12,41.85,507.97,5
C. Davis,WR,TEN,81.47,62.85,100.09,#146,#56,0,0,0,0,0,0,0,0,50.92,637.8,3.05
G. Bernard,RB,CIN,81.25,65.89,96.61,#147,#43,0.02,0.08,0.41,0,0,92.08,380.46,2.17,29.09,242.5,1.26
J. Doyle,TE,IND,80.33,64,96.66,#148,#17,0.06,0.06,2.14,0.08,0,0,0,0,55.69,591.16,3.68
J. Nelson,WR,ARI,80.01,62.28,97.74,#149,#57,0,0,0,0,0,0.3,-0.21,0,37.59,564.77,3.89
A. Hooper,TE,ATL,79.36,60.94,97.78,#150,#18,0,0,0,0,0,0,0,0,33.76,466.41,5.43
J. McKinnon,RB,MIN,79.01,61.68,96.34,#151,#44,0,0.17,0,0,0,108.37,390.68,2.52,28.87,202.34,0.98
J. Richard,RB,OAK,76.26,59.71,92.81,#152,#45,0.14,0.14,2.85,0,0,68.01,337.9,3.71,22.55,174.56,0.65
J. Rodgers,RB,TB,75.92,58.76,93.08,#153,#46,0,0.06,0,0,0,107.84,468.57,2.64,17.7,119.87,0.36
S. Vereen,RB,NYG,74.18,56.59,91.77,#154,#47,0.14,0.22,5.34,0,0,87.04,349.14,2.01,34.1,255.53,0.5
D. Foreman,RB,HOU,74.12,58.96,89.28,#155,#48,0,0,0,0,0,78.75,338.37,1.57,35.72,285.56,0.74
C. Clay,TE,BUF,73.3,55.06,91.54,#156,#19,0,0,0,0,0,0,0,0,49.01,535.34,3.25
J. Mixon,RB,CIN,73.14,57.77,88.51,#157,#49,0.06,0.18,0.22,0.06,0,65.22,272.27,1.71,33.01,262.22,1.72
A. Peterson,RB,NO,72.99,56.19,89.79,#158,#50,0,0,0,0,0,115.71,419.37,3.78,13.7,74.63,0.4
D. Johnson,RB,CLE,72.87,59.36,86.38,#159,#51,0,0.15,0,0,0,47,203.43,1.31,42.98,380.67,1.29
C. Johnson,RB,ARI,72.68,48.16,97.2,#160,#52,0,0.04,0,0,0,101.87,415.76,3.29,18.62,106.28,0.27
K. Stills,WR,MIA,71.78,58.08,85.48,#161,#58,0.01,0.01,0.13,0.01,0,0,0,0,27.17,469.91,4.09
J. Hill,RB,CIN,71.62,59.3,83.94,#162,#53,0,0.03,0,0,0,85.75,363.83,2.26,20.44,171.93,0.91
E. Engram,TE,NYG,71.1,54.93,87.27,#163,#20,0,0,0,0,0,0,0,0,44.11,475.71,4.05
K. Britt,WR,CLE,71.08,55.9,86.26,#164,#59,0,0.04,0,0,0,0,0,0,39.75,555.49,2.66
J. Cook,TE,OAK,71.06,55.45,86.67,#165,#21,0.16,0.58,2.62,0,0,0,0,0,46.73,476.32,3.95
N. Agholor,WR,PHI,70.99,54.97,87.01,#166,#60,0,0.08,0,0,0,0.95,0.37,0,45.75,552.94,2.82
J. Brown,WR,ARI,70.42,56.33,84.51,#167,#61,0.08,0.08,1.08,0,0,1.15,5.35,0,36.8,510.4,3.16
J. Thomas,TE,MIA,69.84,51.49,88.19,#168,#22,0.03,0.03,1.34,0.05,0,0,0,0,53.21,566.47,2.14
D. Amendola,WR,NE,69.59,51.79,87.39,#169,#62,0,0,0,0,0,0.24,1.52,0,37.62,461.7,3.92
J. Charles,RB,DEN,69.02,50.21,87.83,#170,#54,0,0.02,0,0,0,99.11,402.4,2.87,19.92,122.16,0.17
D. Njoku,TE,CLE,68.09,53.63,82.55,#171,#23,0,0,0,0,0,0,0,0,42.55,481.77,3.39
K. Wright,WR,CHI,67.03,51.73,82.33,#172,#63,0,0,0,0,0,0.37,2.54,0,37.94,483.04,3.29
B. LaFell,WR,CIN,66.34,53.46,79.22,#173,#64,0,0.03,0,0,0,0.59,0.64,0,35.74,480.35,3.13
J. James,TE,PIT,66.33,52.58,80.08,#174,#24,0,0,0,0,0,0,0,0,40.76,421.69,4.14
R. Burkhead,RB,NE,66.2,49.58,82.82,#175,#55,0,0.04,0,0,0,58.08,262.99,2.32,21.43,177.69,1.46
S. Perine,RB,WSH,65.39,49.73,81.05,#176,#56,0,0,0,0,0,78.54,306.12,2.44,21.59,162.43,0.71
K. Golladay,WR,DET,64.12,48.12,80.12,#177,#65,0,0,0,0,0,0,0,0,37.42,475.2,2.79
R. Anderson,WR,NYJ,63.01,48.85,77.17,#178,#66,0.02,0.02,0.94,0,0,1.56,6.39,0,38.2,501.14,2.13
Z. Jones,WR,BUF,62.95,48.35,77.55,#179,#67,0,0.08,0,0,0,0,0,0,34.89,462.55,2.83
C. West,RB,KC,62.91,49.08,76.74,#180,#57,0,0,0,0,0,83.18,334.57,1.34,21.17,165.99,0.79
T. Rawls,RB,SEA,62.8,48.29,77.31,#181,#58,0,0.02,0,0,0,104.58,373.29,1.86,19.45,137.22,0.34
E. Rogers,WR,PIT,62.72,50.75,74.69,#182,#68,0,0.01,0,0,0,0.13,0.47,0,35.51,434.56,3.33
R. Shepard,WR,CAR,62.56,49.42,75.7,#183,#69,0.06,0.19,0.63,0,0,0.05,0.83,0,26.28,440.73,3.1
D. Moncrief,WR,IND,62.56,48.26,76.86,#183,#69,0,0.22,0,0,0,0.36,0.49,0,34.12,469.9,2.6
B. Oliver,RB,LAC,62.06,48.66,75.46,#185,#59,0.08,0.24,0.28,0.08,0,54.39,213.84,2.34,28.88,215.57,0.86
T. Yeldon,RB,JAC,62,49.08,74.92,#186,#60,0.18,0.18,3.36,0.18,0,90.44,324.51,1.2,28.1,205.37,0.53
P. Richardson,WR,SEA,61.3,46.43,76.17,#187,#71,0,0,0,0,0,0.33,1.94,0,33.57,462.87,2.51
J. Williams,RB,GB,61.05,45.15,76.95,#188,#61,0.08,0.08,0.56,0.08,0,68.49,254.53,2.35,23.66,169.11,0.83
D. Williams,RB,MIA,60.93,44.37,77.49,#189,#62,0,0,0,0,0,51.33,240.04,1.63,23.6,202.17,1.31
M. Mack,RB,IND,59.67,46.07,73.27,#190,#63,0.04,0.04,0.28,0.04,0,78.92,314.44,1.44,20.51,165.59,0.6
T. Williams,WR,DAL,58.27,45.96,70.58,#191,#72,0.01,0.01,0.62,0.01,0,0,0,0,32.42,423.41,2.77
C. Prosise,RB,SEA,56.61,41.2,72.02,#192,#64,0,0,0,0,0,53.88,233.75,1.42,20.3,204.31,0.71
C. Ivory,RB,JAC,56.36,41.43,71.29,#193,#65,0.1,0.1,2.44,0,0,69.24,275.13,0.93,22.86,209.57,0.69
G. Kittle,TE,SF,56.12,41.79,70.45,#194,#25,0,0,0,0,0,0,0,0,37.52,381.91,3.12
J. Kerley,WR,NYJ,55.81,44.15,67.47,#195,#73,0.1,0.28,3.78,0.1,0,0.02,0.24,0,43.71,482.18,1.27
C. Conley,WR,KC,55.67,43.48,67.86,#196,#74,0,0,0,0,0,0,0,0,38.98,463.37,1.64
T. Benjamin,WR,LAC,55.28,43.32,67.24,#197,#75,0.03,0.07,0.56,0,0,0.71,2.2,0,31.54,444.89,1.9
T. Smith,WR,PHI,54.81,39.39,70.23,#198,#76,0,0.21,0,0,0,0.11,1.56,0,28.3,385.45,2.68
O. Howard,TE,TB,54.42,41.73,67.11,#199,#26,0,0,0,0,0,0,0,0,36.42,392.8,2.6
T. Gabriel,WR,ATL,54.07,42.7,65.44,#200,#77,0,0,0,0,0,1.75,17.62,0,27.04,353.74,2.9
B. Coleman,WR,NO,53.97,42.43,65.51,#201,#78,0.08,0.16,0.79,0,0,0.21,2.15,0.05,24.41,353.99,3.03
D. Washington,RB,OAK,53.24,37.51,68.97,#202,#66,0.12,0.37,1.79,0.04,0,66.6,294.85,1.95,14.1,89.54,0.68
M. Breida,RB,SF,52.88,41.68,64.08,#203,#67,0,0.18,0,0,0,52.7,217.58,0.79,28.76,231.23,0.75
K. Williams,RB,ARI,51.47,28.61,74.33,#204,#68,0,0,0,0,0,56,224.5,3.45,14.62,98.84,0
J. Gresham,TE,ARI,51.1,38.59,63.61,#205,#27,0,0,0,0,0,0,0,0,37.95,364.95,2.43
C. Sims,RB,TB,50.9,35.69,66.11,#206,#69,0,0,0,0,0,68.24,222.56,1,25.66,188.72,1
A. Humphries,WR,TB,50.52,40.98,60.06,#207,#79,0.03,0.13,1.65,0,0,1.52,10.57,0,33.1,392.54,1.76
R. Woods,WR,LA,48.6,38.15,59.05,#208,#80,0,0,0,0,0,0.26,0.71,0,32.72,394.15,1.54
O. Darkwa,RB,NYG,48.31,32.64,63.98,#209,#70,0,0,0,0,0,66.66,231.59,1.84,21.02,125.85,0.48
M. Brown,RB,LA,46.85,34.12,59.58,#210,#71,0,0,0,0,0,58.64,172.1,1.02,23.7,186.95,0.98
S. Roberts,WR,OAK,46.18,34.89,57.47,#211,#81,0,0,0,0,0,0.03,-0.12,0,22.61,306.04,2.56
D. Thompson,WR,CHI,46.04,34,58.08,#212,#82,0,0,0,0,0,0,0,0,28.07,355.08,1.89
A. Ellington,RB,ARI,45.27,26.8,63.74,#213,#72,0,0.08,0,0,0,35.93,125.12,1.04,27.8,206.35,1.1
A. Seferian-Jenkins,TE,NYJ,44.65,33.35,55.95,#214,#28,0,0,0,0,0,0,0,0,26.27,299.22,2.48
J. Brown,WR,ARI,43.81,29.59,58.03,#215,#83,0,0,0,0,0,0,0,0,20.45,346.51,1.6
E. Dickson,TE,CAR,43.79,29.31,58.27,#216,#29,0,0,0,0,0,0,0,0,22.34,280.48,2.67
J. Brissett,QB,IND,43.01,33.59,52.43,#217,#33,60.59,102.03,690,4.81,2.72,6.9,20.38,0.12,0,0,0
A. Morris,RB,DAL,42.84,30.06,55.62,#218,#73,0,0.2,0,0,0,60.75,251.54,2.18,7.79,48.31,0.18
S. DeValve,TE,CLE,42.05,31.24,52.86,#219,#30,0,0,0,0,0,0,0,0,18.26,254.64,2.76
D. Funchess,WR,CAR,41.52,30.67,52.37,#220,#84,0,0.06,0,0,0,0,0,0,19.98,295.5,1.96
M. Goodwin,WR,SF,41.49,30.12,52.86,#221,#85,0,0,0,0,0,0.01,0.07,0,22.94,291.85,2.05
P. Dorsett,WR,NE,41.18,30.08,52.28,#222,#86,0,0.14,0,0,0,1.23,6.6,0,20.28,292.83,1.94
C. Coleman,WR,CLE,41.14,27.38,54.9,#223,#87,0,0.12,0,0,0,0.62,1.39,0,23.88,303.93,1.87
T. Boyd,WR,CIN,40.71,32.3,49.12,#224,#88,0.04,0.04,1.39,0.06,0,0.85,6.75,0,28.31,312.72,1.55
J. Smith-Schuster,WR,PIT,40.23,31.02,49.44,#225,#89,0,0,0,0,0,0,0,0,23.26,310.17,1.58
V. Green,TE,DEN,40.05,29.67,50.43,#226,#31,0,0,0,0,0,0,0,0,22.43,249.17,2.55
R. Louis,WR,CLE,39.94,27.82,52.06,#227,#90,0,0,0,0,0,0,0,0,30.52,335.2,1.09
R. Griffin,TE,HOU,38.77,28.41,49.13,#228,#32,0,0,0,0,0,0,0,0,33.25,303.68,1.69
M. Williams,WR,LAC,38.62,28.45,48.79,#229,#91,0,0,0,0,0,0,0,0,22.54,279.21,1.75
V. Davis,TE,WSH,38.52,29.47,47.57,#230,#33,0,0,0,0,0,0,0,0,22.68,242.75,2.41
B. Perriman,WR,BAL,37.55,27.12,47.98,#231,#92,0,0.02,0,0,0.01,0.49,0.2,0,21.73,279.31,1.64
G. Swaim,TE,DAL,37.1,27.85,46.35,#232,#34,0,0,0,0,0,0,0,0,17.62,212.73,2.6
J. Hardy,WR,ATL,36.93,26.95,46.91,#233,#93,0,0,0,0,0,0.11,0,0,21.79,280.88,1.51
B. Butler,WR,DAL,36.87,26.25,47.49,#234,#94,0,0,0,0,0,0,0,0,16.24,236.54,2.23
D. Sims,TE,CHI,36.73,28.61,44.85,#235,#35,0,0,0,0,0,0,0,0,22.06,246.76,2.03
R. Turbin,RB,IND,36.07,26.01,46.13,#236,#74,0.18,0.26,2.47,0.18,0,23.54,114.41,1.09,16.69,129.47,0.8
T. Burton,TE,PHI,36.03,26.88,45.18,#237,#36,0,0,0,0,0,0,0,0,22.54,228.51,2.23
D. Woodhead,RB,BAL,35.66,25.17,46.15,#238,#75,0,0,0,0,0,37.49,169.42,1.19,12.21,110.08,0.17
D. Allen,TE,NE,35.49,27.57,43.41,#239,#37,0,0,0,0,0,0,0,0,18.38,208.37,2.41
S. Anderson,TE,HOU,35.33,26.13,44.53,#240,#38,0,0,0,0,0,0,0,0,20.6,234.1,2.04
G. Allison,WR,GB,34.83,25.91,43.75,#241,#95,0,0,0,0,0,0,0,0,15.96,252.24,1.6
B. Watson,TE,BAL,34.8,26.93,42.67,#242,#39,0,0,0,0,0,0,0,0,22.83,274.99,1.25
L. Toilolo,TE,ATL,34.71,26.84,42.58,#243,#40,0,0,0,0,0,0,0,0,18.57,207.86,2.3
J. Ross,WR,CIN,34.62,25.25,43.99,#244,#96,0.13,0.15,2.9,0.14,0,0.64,9.15,0.09,19.95,253.38,1.21
T. Austin,WR,LA,34.03,24.91,43.15,#245,#97,0.03,0.27,0.85,0.03,0,5.54,29.1,0.16,25.22,245.11,0.96
W. Smallwood,RB,PHI,33.97,23.29,44.65,#246,#76,0.04,0.04,0.8,0.04,0,52.9,199.84,0.9,14.68,95.24,0.02
A. Fasano,TE,MIA,33.94,24.4,43.48,#247,#41,0,0,0,0,0,0,0,0,17.1,222.45,1.98
C. Walford,TE,OAK,33.28,25.03,41.53,#248,#42,0,0,0,0,0,0,0,0,24.46,236.36,1.68
R. Rodgers,TE,GB,32.7,24.24,41.16,#249,#43,0,0,0,0,0,0,0,0,20.31,200.02,2.11
K. Cole,WR,JAC,32.58,24.03,41.13,#250,#98,0,0.01,0,0,0,0,0,0,20.31,265.62,0.99